customer_id,website_visits,minutes_on_site,emails_clicked,previous_spend,support_tickets,monthly_spend,renewed_subscription
5001,13,140,4,219.68,1,114.1,1
5002,3,137,0,113.4,4,77.47,0
5003,15,121,8,154.38,1,153.05,1
5004,6,132,6,57.57,2,75.1,0
5005,16,45,0,59.24,4,39.42,0
5006,12,83,3,149.82,1,103.62,0
5007,19,103,0,145.27,4,112.13,0
5008,24,133,7,80.31,0,120.54,0
5009,6,42,9,275.39,0,149.86,1
5010,6,72,5,319.46,5,138.87,0
5011,7,49,2,110.7,3,47.23,0
5012,20,46,9,25.43,5,80.84,0
5013,14,44,10,248.31,2,146.42,1
5014,4,23,2,250.68,2,70.56,0
5015,8,39,7,99.22,3,66.63,0
5016,5,133,1,243.16,3,96.22,0
5017,3,23,0,253.9,4,53.84,0
5018,14,24,10,124.24,3,122.35,1
5019,10,117,3,81.68,2,90.75,0
5020,1,113,5,69.41,4,72.58,0
5021,6,83,3,300.45,2,123.32,0
5022,22,25,2,93.27,2,69.52,1
5023,2,25,3,300.68,0,115.9,1
5024,16,42,1,311.85,0,122.81,1
5025,7,47,1,164.63,2,75.73,0
5026,19,101,7,28.65,0,136.96,0
5027,14,9,1,313.82,1,116.39,0
5028,24,114,0,246.1,0,141.37,0
5029,8,128,8,192.86,4,89.35,0
5030,8,57,7,118.46,3,91.85,1
5031,24,40,5,211.82,1,139.84,1
5032,9,124,4,126.71,4,99.0,0
5033,1,66,6,259.55,3,141.08,0
5034,11,98,4,93.62,3,113.52,0
5035,1,79,3,29.54,3,36.25,0
5036,1,135,9,276.66,2,149.01,0
5037,15,38,10,272.96,2,105.08,1
5038,6,130,7,170.72,3,113.57,1
5039,13,52,10,197.56,5,124.33,0
5040,1,93,9,133.9,2,93.94,0
5041,23,27,0,36.0,3,66.33,0
5042,20,99,2,131.21,0,102.68,1
5043,3,53,5,113.98,0,71.29,1
5044,21,47,9,219.49,4,120.18,1
5045,20,20,10,287.32,4,141.24,1
5046,13,123,1,127.45,1,109.66,0
5047,14,40,7,96.03,1,118.01,1
5048,15,16,7,24.37,5,81.65,0
5049,14,106,6,185.2,3,122.6,0
5050,17,106,1,279.0,0,133.28,1
5051,1,50,1,225.64,5,87.38,1
5052,6,138,9,110.81,3,97.01,0
5053,8,94,8,266.37,1,132.46,1
5054,5,66,2,32.83,2,58.66,0
5055,2,120,0,133.36,1,65.85,0
5056,18,96,9,50.03,0,127.06,1
5057,14,123,7,214.28,3,139.18,1
5058,17,51,1,137.22,2,92.68,1
5059,17,137,7,126.39,2,102.45,1
5060,24,105,2,180.07,4,124.08,1
5061,22,101,8,113.43,1,140.34,0
5062,19,44,7,84.64,0,109.6,1
5063,11,112,8,62.1,5,99.48,0
5064,24,54,7,71.46,3,102.17,1
5065,4,20,7,172.88,3,51.49,0
5066,15,60,1,87.76,0,54.24,0
5067,17,90,4,282.97,3,100.84,0
5068,11,29,7,151.23,3,118.71,0
5069,16,136,5,311.8,2,159.19,1
5070,1,26,10,158.36,3,57.43,0
5071,21,101,8,70.4,1,105.79,1
5072,24,35,1,301.39,4,123.46,1
5073,17,93,5,158.74,0,158.56,1
5074,13,117,4,262.67,1,104.54,1
5075,6,50,5,25.22,5,38.52,0
5076,6,74,10,155.82,1,130.3,0
5077,16,132,6,63.34,4,117.48,0
5078,12,135,2,226.93,4,131.77,0
5079,24,99,1,130.22,3,80.38,0
5080,4,90,3,130.25,0,80.98,1
5081,15,42,3,142.26,0,92.39,0
5082,4,129,10,228.73,0,139.5,1
5083,19,90,8,181.69,5,113.28,0
5084,19,61,5,188.04,1,123.53,1
5085,18,134,7,303.41,1,177.19,1
5086,20,70,5,93.42,3,74.09,1
5087,21,69,9,297.86,5,187.61,0
5088,9,95,9,261.43,2,128.89,1
5089,9,104,1,136.02,5,84.52,0
5090,10,126,0,86.07,1,66.91,1
5091,19,71,6,22.03,3,113.67,1
5092,18,34,8,60.7,5,66.75,0
5093,5,62,0,113.71,4,58.28,0
5094,13,72,4,92.88,5,76.66,0
5095,11,64,2,91.52,1,48.14,0
5096,24,42,7,166.66,3,122.88,1
5097,1,136,4,95.48,3,77.83,0
5098,1,124,8,120.91,4,58.1,0
5099,14,46,9,263.13,2,108.48,1
5100,2,50,10,157.35,4,69.36,1
5101,19,86,6,271.95,1,157.52,1
5102,9,108,5,276.34,1,110.71,0
5103,2,35,7,298.93,3,110.24,0
5104,8,20,2,277.61,2,86.5,0
5105,9,43,7,182.43,0,101.03,1
5106,4,88,1,189.65,5,78.12,0
5107,4,68,9,306.89,1,129.2,1
5108,1,52,0,151.03,2,63.98,0
5109,5,126,2,269.19,2,121.33,1
5110,12,132,7,21.03,1,84.83,1
5111,20,119,5,149.93,5,124.16,1
5112,12,33,6,206.21,2,82.98,0
5113,20,42,8,47.6,3,96.16,1
5114,23,121,6,212.53,5,166.96,1
5115,24,137,8,68.41,0,143.27,1
5116,2,117,9,223.62,4,115.51,0
5117,13,93,10,197.48,0,142.04,1
5118,13,54,10,68.8,0,85.82,1
5119,15,95,6,34.62,0,121.34,1
5120,12,94,2,294.24,1,139.77,1
5121,22,97,6,31.46,4,124.26,1
5122,11,15,0,76.52,3,77.21,0
5123,15,115,7,295.83,1,129.77,1
5124,14,65,8,100.87,1,113.52,1
5125,15,37,4,187.44,5,112.46,0
5126,3,24,2,179.79,3,46.1,0
5127,21,127,0,43.21,4,82.67,0
5128,18,19,1,68.82,0,89.98,0
5129,5,67,6,111.88,1,70.68,1
5130,11,60,0,133.3,4,70.02,0
5131,18,111,6,38.21,2,93.95,0
5132,17,37,3,296.47,1,114.07,1
5133,3,57,5,69.49,1,65.5,0
5134,24,96,1,110.14,3,107.14,1
5135,4,51,3,206.74,5,53.27,0
5136,1,16,9,230.33,1,110.01,1
5137,13,126,8,162.84,1,143.54,1
5138,3,84,7,233.55,5,120.04,0
5139,3,46,7,120.68,3,37.77,1
5140,7,36,2,29.19,4,37.76,0
5141,20,73,8,37.27,2,80.35,1
5142,21,66,7,181.15,4,105.86,1
5143,21,95,7,212.28,4,154.61,1
5144,7,16,10,227.58,4,56.29,0
5145,3,43,9,115.99,3,69.55,0
5146,2,36,5,103.52,5,61.25,0
5147,14,74,0,124.41,2,97.52,1
5148,7,95,6,279.23,4,106.94,1
5149,6,79,5,275.54,5,103.27,1
5150,15,108,7,136.34,3,101.45,0
5151,1,85,0,94.16,3,61.51,0
5152,6,107,3,154.82,4,100.41,0
5153,11,84,10,90.02,1,129.72,1
5154,20,64,3,58.93,0,61.86,1
5155,11,41,5,189.69,3,111.3,0
5156,7,121,10,47.7,0,107.14,1
5157,5,91,9,46.18,3,75.72,0
5158,3,130,10,52.21,3,88.26,0
5159,12,17,2,84.26,1,38.04,0
5160,21,61,9,172.12,5,141.82,1
5161,24,108,6,222.74,5,159.25,0
5162,18,57,3,191.41,1,91.62,0
5163,10,69,4,68.35,2,58.08,0
5164,5,50,0,296.48,4,85.24,0
5165,10,100,6,229.94,0,107.97,1
5166,21,10,3,263.82,4,131.83,1
5167,8,140,6,158.82,4,106.58,0
5168,9,17,5,234.65,3,84.28,0
5169,23,73,9,125.17,4,136.88,1
5170,12,17,3,227.31,1,77.07,0
5171,10,98,7,42.63,0,122.99,1
5172,15,60,2,282.51,0,101.37,1
5173,13,91,6,184.44,0,133.55,1
5174,1,84,5,221.61,3,70.14,0
5175,11,140,5,85.24,4,120.44,1
5176,8,52,0,304.18,3,126.43,0
5177,13,60,6,311.23,2,100.32,0
5178,24,140,5,27.71,0,135.55,1
5179,22,131,2,201.72,3,133.92,1
5180,1,90,8,106.32,4,75.26,0
